Word,Occurrences
limited,4
womans,5
surreptitious,1
threeyear,1
narcotic,100
facilities,54
prefix,1
grandparent,12
magistrate,7
integrity,1
defraud,7
offenses,214
violate,5
granting,7
fouryear,1
disability,20
pensions,30
charles,1
redrawing,2
protections,5
under,383
placed,7
illegally,18
promulgated,2
rescue,91
nonemergency,4
dispense,5
rise,2
sheridan,2
homes,9
georgia,22
every,12
jack,2
nontaxable,2
reforms,16
tickets,11
school,11
molesting,1
obstruction,2
crops,3
cause,7
companies,11
solution,1
admissible,5
convenience,1
unrelated,1
succession,2
enhance,15
fairfax,2
undercover,2
charter,7
force,65
diverting,2
switchblade,9
consistent,5
guidelines,23
mail,11
direct,33
budget,2
nonessential,6
across,1
second,3
street,17
follow,3
kidnap,1
machines,2
even,1
established,18
coordinating,10
spouses,14
minimize,3
prisons,28
religious,6
selected,3
contributed,1
largescale,1
conduct,64
new,110
net,1
increasing,15
officially,2
seeks,1
specialist,1
deemed,7
maintains,1
seminars,1
probationary,4
hempstead,5
whose,30
mailings,5
never,3
remarried,1
met,1
protection,75
governing,5
represented,1
growing,3
pineville,2
obtained,4
substance,52
forum,2
attending,1
employees,98
eligible,20
recordings,1
article,37
controversy,11
credit,37
fulltime,1
smoke,7
permit,137
military,24
suitable,6
changes,25
punishment,25
secure,4
campaign,1
contravention,10
county,15
archaeological,1
cocaine,12
unit,7
derivatives,5
disappearances,5
apportionment,1
would,10
army,3
hospital,1
coins,2
arms,17
distributing,9
foster,45
therefore,6
passport,2
recommend,4
indiana,4
administering,7
assessment,6
until,3
separated,4
females,2
th,1
successful,23
brings,1
award,12
connecticut,5
adult,9
burglaries,6
lawlessly,6
coextensive,1
hold,13
tariff,5
supplemental,3
circumstances,29
divorced,9
rights,161
pursue,1
work,8
gasoline,37
advocacy,2
theories,1
lowenforcement,1
exceptions,1
altering,2
reward,1
revenues,1
defer,1
sulfonylurea,1
unmarked,1
give,8
household,4
organized,11
involve,6
indicates,1
counseling,22
guarantee,7
end,1
recovery,22
carriers,3
provide,1991
handguns,88
sitting,1
damage,32
march,6
glynco,1
adjacent,3
toxic,1
ordinary,3
trustee,1
resignation,3
classify,4
badly,2
regional,2
undergoing,1
arrearages,2
after,19
adoptions,5
customs,21
piercing,9
lay,8
sentencing,93
law,649
extortion,3
types,6
purchase,105
arbitral,2
attempt,20
effective,51
youths,4
headquarters,4
discontinued,3
perform,8
unlawfully,33
expenses,191
ultimate,5
ambulance,18
preventive,2
order,123
joseph,2
operations,19
restriction,8
office,91
enter,11
consent,3
over,34
govern,17
prohibition,22
deducted,13
xi,2
eavesdropping,1
innovative,2
misconduct,7
intoxicated,2
mayor,4
before,69
speedloading,1
jersey,23
personal,59
fix,2
recreational,6
survivors,109
production,35
compensatory,1
discharges,1
counterterrorist,2
emphasize,3
them,10
iowa,4
diseases,1
hardships,2
safe,300
intimidation,4
effects,1
they,15
schools,25
imprisoning,2
comprised,1
bank,3
structural,1
suicide,6
indictment,1
reasonably,4
classified,5
leading,11
cavanaugh,2
eleventh,2
capricious,3
reasonable,93
each,49
disciplining,7
interfering,1
instrumentality,2
consolidate,5
prohibit,276
correctional,71
financial,171
suspended,4
councils,4
venue,17
transient,25
crimes,111
overflow,1
marital,5
indianapolis,1
stealing,3
substantially,11
laboratory,1
mandated,1
saturday,18
prohibitions,6
decree,9
tried,4
waive,3
diesel,37
extinguishment,1
vessels,2
content,1
encourage,40
restraint,12
medicine,4
revolving,4
newly,1
forth,2
independence,4
foundation,1
arizona,2
assaults,40
associate,2
veto,1
twothirds,1
lawless,7
given,1
free,1
appointments,5
disputes,5
grapes,1
enlightened,2
substantiation,1
certified,1
created,1
privacy,22
longterm,2
days,1
presumptive,2
speedy,25
pattern,1
incorporated,3
corrections,27
impede,1
onto,1
inspectors,2
appeals,70
features,2
render,6
racketeer,2
causing,3
primary,1
thereof,3
hearing,16
channels,2
instruct,1
alarm,1
adopted,6
another,20
neighborhood,2
electronic,11
seizures,6
stimulation,3
agriculture,5
solicitations,2
service,176
misusing,1
intelligencerelated,1
xii,5
lawsuits,4
lawrelated,1
indeterminate,1
judgements,5
disqualifications,1
needed,2
rates,8
listed,1
xiv,3
miller,3
influence,7
corpus,34
john,1
damaging,1
urban,30
ceiling,4
murder,18
mechanism,2
occasioned,1
tool,3
convene,10
serve,9
solicitor,1
task,6
western,17
maintaining,1
white,7
toronto,5
feasibility,1
kidnaps,10
target,2
eradicating,3
nations,6
project,4
matter,7
powers,14
acquisition,11
bridge,2
unintended,1
kidnapers,1
respecting,93
mind,2
remarriages,1
regime,6
childcare,3
manner,35
further,15
regulate,29
seek,2
forced,8
responsible,4
mcallen,1
localities,7
reinprovincement,4
subjects,4
forces,53
transmit,10
regulating,3
effectiveness,44
recordkeeping,22
shipments,3
committing,21
shall,211
object,1
sue,2
wells,2
simplify,3
involving,152
reimbursing,1
revising,9
retaining,6
assessed,3
coin,2
explosives,31
reimbursement,25
assisting,14
neighborhoods,2
antitrust,1
medical,70
deliberate,2
flow,3
dog,1
competitors,1
points,1
demoting,7
enterprise,1
mailing,11
sum,4
incorporate,2
amending,11
reorganize,10
jurisdiction,192
teresa,1
parolees,15
nominated,1
ending,9
attempts,2
showing,2
radio,4
judgeship,22
bail,44
availability,21
orleans,2
judges,163
provinced,1
enlarging,4
implementation,13
situations,3
guidance,4
debts,1
minnesota,1
discretionary,5
rico,3
summarizing,4
stabbing,6
adequate,27
wearing,1
do,1
exports,4
toll,1
stop,1
psychiatric,11
coast,4
competitive,5
reversal,4
supplies,2
report,11
suffolk,3
comply,2
chronological,2
bar,8
copkiller,1
countries,16
method,13
illegitimate,1
release,81
automatic,1
transporting,1
erroneous,1
mandatory,158
victim,12
fair,26
disallowing,1
alienations,2
reproductions,2
result,29
fail,1
subject,86
lancaster,2
capacity,6
interdiction,7
patients,1
xvi,9
pressures,2
unable,14
cooperation,9
contraband,4
occupational,1
previous,6
approach,6
slugs,2
furloughs,3
discovery,1
preserve,3
felons,5
terms,19
extend,135
nature,5
felony,190
restricting,14
otherwise,16
cut,2
wear,1
extent,7
pilferages,1
debt,7
improve,183
received,59
protect,82
referral,2
resistant,1
country,33
ill,9
against,202
participating,1
transmission,1
contribution,1
watergaterelated,1
eradicate,2
negotiation,1
obscenity,6
alternate,1
advertisements,2
irresponsible,7
seizure,8
active,1
applicability,4
pregnancy,3
loaded,3
magistrates,25
zones,1
san,1
penalize,89
petty,1
engines,4
basis,34
union,4
condemned,2
claiming,2
patrolling,1
three,14
been,38
subsidy,4
commission,278
permission,1
interest,23
basic,4
privilege,8
entered,3
pro,5
duties,72
defray,1
life,52
families,33
innocent,19
eastern,47
drugs,100
quantities,6
concerning,11
worker,2
rockland,3
moneys,4
confinement,3
paralegals,1
child,330
aviation,8
applied,1
commerce,229
exception,3
publicly,1
apprehension,14
preempting,1
kentucky,14
n,2
near,8
moratorium,2
viii,4
applies,4
aid,67
property,94
chemicals,2
study,26
procedure,114
bertillon,2
seven,1
compliance,14
fourteenth,5
metropolitan,5
mexico,3
explanation,1
it,79
iv,44
ii,38
eighteen,4
reports,27
levied,5
victims,126
if,30
confirmed,1
patent,3
border,3
make,336
withingrade,2
designate,5
drugrelated,4
damages,14
several,41
convictions,23
capacities,2
entitled,69
transferring,5
independent,52
decedent,1
noknock,1
fremont,1
declaring,3
qualifications,4
liberties,18
consents,3
producers,5
ownership,7
rehabilitative,2
protected,8
opportunity,28
tafthartley,6
prescribed,4
vermont,1
kept,1
programs,222
adolescents,10
failing,1
savings,8
materials,21
subpoena,1
incapable,2
narcoticsrelated,1
claims,58
alabama,11
camps,3
corporate,1
investments,1
stringent,3
assessments,1
capitol,3
proposed,11
sentence,78
sporting,12
distribute,21
unfair,3
repose,5
assigned,11
fighters,1
financially,8
identify,3
incentive,5
human,17
torching,1
divide,11
adding,15
forfeiture,40
authorizations,9
classification,3
equipment,41
kidnapings,7
pecuniary,1
assassination,23
royal,54
pharmacy,70
disparity,2
squad,20
board,11
justices,44
prison,44
has,39
windfall,2
municipal,1
possible,5
objective,2
cultural,6
injuring,3
birth,8
judge,15
vests,6
willful,3
advanced,20
occurring,1
brought,19
appearing,6
fined,10
performing,15
securities,3
steps,13
officer,69
night,18
security,53
misdemeanors,1
antique,11
attorney,148
right,29
conciliation,2
deal,7
people,2
understand,2
sanction,4
appropriation,9
elderly,37
born,1
clubs,34
election,3
escape,2
multiple,3
harassment,3
specific,10
fingerprinting,4
proceeding,31
communications,18
establish,601
continue,12
denied,8
offices,9
codecrimes,3
participation,17
posttrial,15
repository,1
marketing,1
arbitrary,3
confer,22
deadly,2
restructuring,1
firemen,171
losing,2
post,11
manufacturing,10
properties,3
takes,12
chapter,315
hackensack,4
census,2
adjoining,1
citizens,27
donation,6
essential,4
officeholders,2
visa,1
ensure,16
commit,60
efforts,25
marshal,7
treble,1
consulting,1
respondent,1
facility,41
civil,203
prisoners,45
preliminary,2
obtaining,27
obscene,6
administer,1
marshals,18
doctrine,2
lieu,4
refined,3
reducing,52
defendants,34
saturdays,1
knowingly,1
deception,4
transcript,1
support,92
initial,3
legislation,3
sovereign,4
class,8
conservation,1
authorized,62
way,1
fairness,4
fixedterm,1
was,21
war,8
asset,1
became,1
head,4
therefrom,2
form,3
manufacturers,46
attempted,46
visitation,10
fireworks,1
deny,10
vitality,2
payable,7
hear,7
contempt,6
sustained,25
surrender,1
illicitdrugrelated,1
nationwide,2
absent,3
counsel,19
responding,2
type,1
prosecutions,7
attached,1
maximum,3
devices,33
retire,1
felonious,1
authorization,31
plaintiffs,2
panels,6
generals,2
dues,2
policecommunity,6
penal,12
mails,2
juvenile,93
strengthening,31
puerto,1
computing,7
petit,5
medicaid,5
covers,1
evidence,44
prayer,9
modestoceres,2
widows,33
distributions,3
pretrial,68
physical,7
nj,1
solicitation,1
initiated,1
no,22
molester,1
when,38
ny,3
setting,23
role,6
holding,45
papers,35
warehouse,2
permitting,10
models,2
dies,1
update,5
transported,3
intent,31
diem,3
authorities,8
discharge,9
died,5
reorganization,8
bullet,1
hopkinsville,2
annuity,3
flag,3
enactments,1
time,23
serious,11
quantity,2
inc,1
restored,6
overdue,1
premeditated,2
noncapital,3
childs,12
revoke,1
corps,11
whoever,1
relieve,3
alternatives,3
adulteration,4
supplement,4
computation,3
recidivism,15
covered,3
inequity,2
competition,1
adoptive,6
deprivations,1
bribes,1
william,2
clarification,5
zone,5
father,3
suspending,1
passage,1
environment,7
lowerincome,1
charge,1
trustees,10
promoting,9
determinations,6
terror,2
pace,1
suffered,2
must,11
veterans,3
division,27
protective,24
prepaid,1
frequencies,4
sponsors,1
choice,1
liability,12
centralized,2
muskegon,2
fencing,2
trouble,2
governments,65
flammable,1
policeman,13
tear,1
die,51
tex,1
gun,142
authorizing,10
standards,51
travels,31
espionage,3
team,5
jurisdictional,4
prevent,61
dealing,13
pregnancies,2
obsolete,1
professionalism,1
cost,16
targets,2
substitute,3
decriminalize,1
endangering,1
constitution,52
psychotropic,5
assistance,370
patrols,1
uniform,20
interpreters,8
international,32
appeal,1
filled,1
satisfy,6
collateral,9
transportation,132
grandparents,2
funeral,5
involuntarily,1
virtues,8
water,4
groups,7
address,4
earthquake,2
change,44
molestation,1
assassinating,2
comptroller,2
ethnological,6
thirty,1
canadian,74
institute,33
convict,1
guilty,32
thereunder,9
exploitation,114
trial,68
nonmetal,2
workrelated,5
studies,12
teenage,1
computerrelated,1
elect,7
santa,7
explosivesrelated,2
dumdum,2
bribery,12
licensing,12
fbi,1
should,5
firearm,179
working,10
positive,1
permitted,1
territories,4
explicitly,4
criteria,31
certiorari,1
associated,3
cited,1
prosecutor,38
unwarranted,2
commissioner,1
sharing,2
riot,5
incident,4
subsistence,23
limitation,15
employee,57
visual,4
asserting,1
cases,292
effort,5
behalf,6
organizations,86
contradicts,3
originally,7
facilitating,16
abortion,2
remarriage,2
districts,30
can,8
fla,4
making,27
arrive,3
deceased,41
imitation,3
claim,12
months,2
nursing,1
december,2
agent,6
locks,6
costofliving,2
performed,6
council,30
allowed,17
offense,95
counting,1
clothing,7
breaking,3
restitution,6
parliamentary,12
productive,2
requirements,44
writs,5
dispositions,1
means,8
immune,5
infringements,1
unemancipated,7
detentions,3
fourth,17
inveigled,3
plus,1
allowable,1
economy,3
product,3
designer,6
building,4
influenced,1
may,124
leased,6
barbiturates,3
southern,24
needs,10
membership,8
designed,27
islands,4
improving,34
destructive,13
data,17
renovation,11
repeat,11
ombudsman,12
provincements,6
branches,1
collective,3
liquid,1
spraying,1
whenever,1
explicit,2
rather,17
subdivisions,8
so,52
block,1
definitions,2
travel,21
publish,2
refund,3
decoyed,3
innocuous,2
serving,19
distributors,1
furnished,6
exchanges,3
expense,1
years,103
aiding,1
course,4
fatalities,6
crack,1
statistical,2
consolidating,3
hostage,2
machine,1
accepted,1
denials,1
police,169
courthouse,4
childsupport,1
procedures,115
forms,2
tort,14
offers,1
hashish,4
policy,15
coordinated,7
factual,1
aliens,2
texas,15
non,1
halt,1
recipients,9
civilian,9
enclave,1
regarding,46
nation,6
records,35
qualified,17
compelled,6
base,1
not,219
feature,16
now,6
provision,38
killed,41
expedite,6
possess,10
term,38
attorneys,123
name,8
january,4
adjudicated,1
arrows,1
promulgate,1
establishing,24
leda,1
realistic,4
importation,77
amnesty,8
naturalization,1
hauppauge,1
furnishing,8
individually,1
domain,4
en,1
autorize,1
commuting,3
revised,11
directing,2
conventions,1
challenges,1
fires,4
entering,17
year,73
distributor,1
tempore,3
antidefamation,1
adequately,1
plans,45
canada,2989
living,3
clearinghouses,4
accomplish,2
concur,1
space,3
profit,3
lewd,1
litigants,1
increase,291
contained,6
investigation,45
trauma,3
rational,22
entitlements,1
midatlantic,1
receiving,19
correct,1
juror,7
enacted,3
uncirculated,2
incendiarism,2
riots,1
cars,4
audrain,2
mechanisms,2
possibility,4
methaqualone,5
felonies,87
unwanted,7
lotteries,1
trademarks,6
ohio,4
obligation,1
card,2
care,63
advance,1
training,57
impose,46
jurisdictions,1
british,27
thing,2
place,56
aboard,4
nonprofit,53
neglect,25
first,26
forgery,2
suspend,14
dwelling,7
surviving,11
revenue,444
question,7
one,24
xx,8
omission,1
commissioners,2
specifically,3
directly,6
carry,28
raped,5
open,2
long,4
discharged,1
size,8
city,16
otero,3
armorpiercing,1
district,483
courtordered,6
otera,1
bennington,1
households,3
plains,2
returns,8
clinical,2
escort,6
convention,2
legally,3
amphetamines,1
muncie,1
participated,1
williams,2
nutrition,1
becomes,1
taxation,9
subpoenas,3
released,22
interdict,1
inmates,18
probationers,11
lawenforcement,14
than,89
population,32
isabel,1
exclusionary,25
impractical,3
third,5
accordance,1
specials,4
require,212
diplomatic,3
transferred,4
hostagetaking,1
reassignment,4
monopolies,2
accused,11
knives,13
were,11
cards,5
poisoning,1
oath,4
transectional,1
noncustodial,3
files,12
dugan,2
ana,7
correction,8
premier,1
marijuana,13
prostitution,3
himself,1
nominating,1
recover,34
any,462
elsewhere,1
confirmation,1
cigarettes,13
efficient,9
aside,5
sciences,3
fictitious,10
take,27
interior,1
performance,100
motivated,1
therefor,2
thirdparty,1
altered,10
investigations,7
onehalf,19
dispute,5
incidence,44
healthy,5
paid,97
insanity,67
assault,54
landing,2
complaints,7
america,4
pages,1
especially,7
failure,5
considered,3
removed,1
adopt,4
sale,110
ways,2
trafficking,33
subsequent,5
professional,9
senior,3
filing,10
laws,90
event,4
madison,5
shot,1
surplus,8
pursuant,26
merit,10
discovered,2
trespass,1
inconsistent,12
copyrighted,1
fifth,19
ground,10
boundaries,2
safekeeping,1
title,2003
criminals,16
crime,630
only,17
air,19
black,7
beaufort,4
treasury,53
awareness,1
carolina,9
continuance,1
misdemeanor,4
contracts,19
assistant,3
utilities,2
designated,8
employers,14
crude,2
cannot,4
ssi,5
custodians,3
clerks,2
awaiting,1
trade,31
secondary,4
prime,60
verdicts,1
resource,2
workweek,1
onthejob,2
paper,3
liable,3
where,135
husband,1
staff,2
imposing,7
incarcerated,1
unmarried,8
intergovernmental,2
relative,2
elected,6
plea,3
college,1
liens,1
eliminating,4
parking,2
explosive,10
calendar,1
violates,31
interprovince,243
fails,13
detect,1
voluntary,13
federal,1182
alarming,2
review,74
schoolage,8
representatives,4
dismemberment,6
weapons,11
outside,8
bureau,23
between,9
affecting,36
import,22
checks,1
fight,5
notice,6
august,6
parent,32
parental,7
allegations,6
killing,21
awards,16
jr,1
charity,1
nationality,19
pharmacists,1
cities,29
recall,1
postage,5
installation,10
missions,1
implementing,2
residence,14
quiet,3
contract,8
deduction,130
s,8
expended,3
share,1
expression,1
rehabilitated,1
mann,4
nearby,1
duty,116
among,15
underwriting,2
passenger,1
continuation,1
mandate,1
relocated,1
period,22
dispatch,2
adjudication,9
satisfaction,1
maintained,5
grants,117
learning,9
approval,9
perpetrators,1
disciplinary,3
runaway,28
adults,14
lagrange,1
destroyed,1
arts,1
childbirth,4
impersonates,2
west,4
certify,1
punished,1
combined,4
dangers,7
technical,13
borders,1
mary,1
enable,8
shortages,2
eprovince,8
reimburse,14
thousand,1
minister,173
acquiring,4
former,10
those,53
pilot,1
case,36
juveniles,4
developing,8
amend,3099
consultant,2
mount,1
handicapped,4
robberies,7
conveyance,3
policies,2
hypoglycemic,1
curricula,2
hunts,2
ivd,4
vest,1
arsonforprofit,1
conferences,2
claimants,29
engaged,53
telephone,3
canceled,1
traffickers,16
technology,3
appellate,33
enabling,9
expenditures,14
develop,21
afdc,1
april,1
indebtedness,6
pay,52
granted,4
same,33
surveillance,3
lump,4
bows,1
inquiry,2
adjudications,1
reformatory,1
document,2
status,16
resales,1
extended,3
refusal,1
incarceration,3
director,41
persons,345
diversion,14
houma,3
arose,1
deficiency,2
changing,1
racketeering,31
totally,22
recapture,2
implements,8
supports,2
pennsylvania,9
floor,1
constitutional,50
substantive,2
uniondale,2
severe,10
costs,91
relief,36
components,2
trains,5
coordinate,21
termination,5
model,2
allowance,6
convened,1
bodies,1
charged,63
banc,1
being,6
money,31
unconstitutional,15
actions,100
safeguards,1
misuse,6
violent,53
relevant,1
cease,1
aspect,1
omissions,19
wifes,5
alimony,9
presumption,11
death,202
mother,8
except,49
improvement,5
interested,2
treatment,125
parker,1
real,3
aspects,12
laundering,9
kills,1
rules,131
disarmament,2
sums,12
virginia,6
early,1
test,2
inflation,10
traffic,13
schedules,2
confined,3
using,35
reemployeed,1
execution,5
designation,6
pounds,5
antialienation,1
clad,2
youthoriented,2
michael,1
benefit,45
donations,2
either,9
robbery,99
offenders,64
served,9
voluntarily,6
xviii,13
reform,89
obstruct,1
deduct,5
annuitants,1
imprisonment,37
pacific,2
l,2
specified,5
images,4
racial,2
organizing,1
matching,8
provided,63
scholarships,8
rulemaking,1
apprehending,1
legal,197
critical,3
custody,43
provider,1
refundable,5
bono,2
compulsion,1
forfeitures,3
scientific,2
business,49
sixth,12
unsworn,3
slaughter,3
threejudge,7
credits,2
leadership,3
concealment,2
throw,7
manufactures,2
manufacturer,2
underpayment,3
on,450
conducting,2
central,25
opium,10
stations,1
island,1
disabilities,11
violence,101
medicare,2
airline,8
testimony,2
bond,5
purported,1
lands,3
druginterdiction,1
inclusion,1
wasteful,1
communication,3
grantinaid,1
quotas,1
involvement,8
determine,15
parties,13
elementary,4
depicting,44
bottineau,2
intervention,2
prepare,5
area,8
removing,7
there,9
relocation,1
alleged,12
strip,4
los,4
explosions,1
desirability,1
exceptional,1
valley,1
treat,14
complete,3
tranquility,1
smuggling,7
regard,22
societal,1
cabinet,1
postconviction,7
casebycase,1
mich,1
promote,72
with,724
machineguns,1
subcontractors,2
hire,2
october,2
applying,1
miscellaneous,1
animal,2
lawfully,4
dispensing,10
abuses,2
organize,10
punitive,1
dependents,38
subclasses,1
detailed,2
required,38
citizenship,18
contributors,2
exhausted,3
certain,1507
defences,1
sales,17
general,144
navy,1
examine,3
deem,1
file,10
secondclass,5
diversity,19
deterrent,2
hospitals,4
inspections,1
judicially,6
processed,7
amendments,68
entirely,2
piracy,2
personnel,58
storage,6
vocational,4
abolish,26
field,5
valid,1
immunity,10
poor,2
ineligible,1
regardless,8
academies,1
shelter,4
guam,1
includes,2
gifts,2
computerized,2
bullets,20
massachusetts,2
coverage,54
included,21
equitable,11
spouse,11
infirmity,1
conclusive,3
fiscal,83
subdivision,1
assets,8
wife,1
omnibus,302
maliciously,1
fraudulent,14
ensuring,5
u,8
profits,3
missouri,3
orphanages,1
overseas,1
postacquittal,1
oral,8
original,10
waiver,1
townsite,1
all,107
consider,1
caused,17
splitting,2
seals,1
executing,2
deadline,1
forged,3
cooperative,7
welfare,83
partial,6
allowances,22
decisions,12
children,260
causes,21
improperly,1
bernardino,1
hunting,1
wyoming,1
participants,4
removal,29
prefixes,3
modernization,6
program,169
solicit,1
fresnos,1
safety,160
activities,96
woman,2
appointment,91
shipment,3
confidential,5
returning,3
debit,1
detention,33
decide,3
preemption,1
ticket,1
manageable,1
condition,41
mothers,2
regionalized,8
list,2
applicable,32
large,20
these,1
small,21
biological,3
indemnity,1
referred,6
admissibility,4
exemptions,1
manslaughter,4
busing,3
samoa,1
ten,1
penalties,362
streets,298
past,1
prevails,3
rate,12
titles,40
lawyer,1
earns,1
antiriot,2
attributable,20
investment,7
will,44
what,1
defence,72
imported,5
accreditation,3
section,441
eminent,4
witnesses,71
desegregate,1
commence,2
commits,1
nurse,2
public,276
movement,5
full,14
recruits,1
installations,2
tags,1
eligibility,19
threatened,8
empower,1
depreciation,3
modify,58
combating,13
killings,5
operating,3
bertillion,1
excess,5
november,8
strong,3
table,1
policemens,1
search,5
prosecutors,5
conviction,32
difficulty,1
losses,17
qualify,8
experience,1
prior,36
amount,36
periodic,5
advertising,2
social,180
action,67
options,1
authorize,333
disposition,17
family,54
firemens,4
requiring,31
enactment,6
vii,5
houses,2
hogs,2
appliances,2
toys,2
rollover,3
armed,64
select,2
attendance,1
jurors,32
uniformity,1
injure,2
codify,14
destination,6
interception,7
two,42
conspiring,5
paterson,4
taken,6
restraints,2
injury,41
achieving,1
minor,21
more,122
tobacco,3
substances,246
conspiracy,3
company,2
corrected,1
problem,2
disapprove,3
excuse,3
commenced,7
controlling,5
jeopardy,1
particular,5
known,8
foundations,1
mounted,54
producing,1
expeditious,2
presumed,1
town,1
willfully,5
walshhealy,3
offender,32
science,9
policemen,83
guards,3
remain,1
nebraska,2
indicating,3
v,3
specialized,8
history,8
purchaser,1
purchases,1
inexpensive,9
prompt,10
lives,3
locating,2
negligence,4
accept,2
coerce,1
minimum,105
numbers,2
purchased,7
exclude,40
elder,4
biography,1
homicide,10
information,141
respective,3
court,356
needy,2
imminent,1
acts,71
enlarge,5
untied,2
transfers,5
retiring,1
earnings,2
prejudice,1
recomputation,1
intended,1
petite,1
derived,2
different,1
oldage,2
lighting,7
accorded,2
ethics,2
response,3
refuse,1
organization,12
morphine,12
resemble,2
register,1
overnight,7
supervision,19
childbearing,1
responsibility,4
banks,1
ministerelect,1
excepted,1
help,11
september,10
radiation,1
mission,1
installed,1
disabled,46
held,40
industrial,2
through,68
committee,17
committed,40
suffer,2
its,26
inquiries,19
taxpayer,65
assaulting,7
fairbanks,1
resort,4
territorial,4
systems,27
faba,1
alter,1
fines,14
good,18
return,11
seeking,8
food,8
males,3
awarding,14
encouraging,11
champaignurbana,1
permissible,2
communities,12
paraprofessional,2
association,3
restrict,6
judgeships,16
hereafter,1
imprisoned,12
pregnant,7
sundays,1
fully,1
level,8
capability,3
courses,1
provincement,2
found,16
obligated,1
registers,2
investigators,3
covenant,1
mental,18
house,8
reduce,54
reappointed,4
engaging,1
declaratory,2
oil,4
furtherance,2
corinth,2
undertake,7
practitioner,2
operation,30
murders,8
insurance,179
leave,6
funding,6
alcohol,3
disbarment,2
prosecution,57
testify,1
load,1
research,68
acting,8
health,122
ministerial,15
issue,6
herbicides,3
assist,122
wisconsin,3
inert,2
lawrence,1
alleviating,2
cibolo,1
unexplained,5
pleasant,1
extraordinary,3
reason,32
heroin,35
members,108
beginning,1
exportation,5
definition,9
owners,11
benefits,199
bulletproof,6
airport,1
computers,5
statutory,14
americas,1
retainer,6
twentyone,9
elective,2
circuit,40
automobile,1
scheduled,1
flood,3
major,9
relate,1
thereafter,1
maritime,2
number,22
disqualified,2
instances,7
defects,1
fees,121
wages,13
validate,2
arbitration,8
horse,1
sates,1
introduction,20
divorce,6
threatening,1
internal,1
least,4
regulation,5
station,3
mentally,13
trails,2
ballistic,2
scheme,3
disqualification,2
audit,2
selling,2
park,2
immediate,2
part,64
doctors,2
taxable,1
decreed,6
reinprovince,1
clarifying,4
financing,2
b,2
youth,39
charges,1
determined,4
marriage,14
lease,4
treated,10
declare,8
procedural,1
sentenced,3
deciding,1
liabilities,4
pcp,1
outstanding,1
strengthen,135
imports,4
defect,4
affirmative,2
pornography,14
antarctica,4
rewards,11
alike,4
sentences,101
orders,35
evasion,1
permanence,1
extorted,3
transactional,2
officers,456
conforming,11
also,1
recognizing,1
without,44
permanency,3
superior,5
finding,1
auspices,1
maintain,13
province,536
caliber,5
electric,8
index,6
measures,14
effecting,1
equipping,2
unused,2
most,4
brooklyn,4
hired,2
experiences,1
plan,38
services,357
approved,13
appear,3
salary,4
entitles,2
dealers,38
arson,47
clear,4
unreasonable,6
charitable,4
cultivating,1
ky,1
overcrowding,1
institutions,57
sector,1
particularly,3
gold,2
disturbances,2
obligations,18
commissions,1
multidistrict,1
rifle,2
pretrail,2
allocable,7
defended,4
session,1
businesses,6
collectibles,1
freight,1
felon,2
multilateral,2
defender,2
securing,2
fine,5
networks,2
restructure,6
impact,4
periodically,1
nonserviceconnected,1
delinquent,3
northern,29
justice,274
nonfederal,1
penalty,232
failed,4
conducted,10
subsection,1
baglio,1
equity,11
ban,14
accurate,3
boulder,2
his,65
publicity,1
distance,2
dependent,30
capital,19
chances,3
remedy,30
assaulted,5
ninth,3
theft,28
reporters,2
combinations,7
during,23
him,1
merchandise,1
grievances,30
generally,1
alteration,3
remove,21
investigate,4
interim,6
adjudicatory,3
activity,22
kill,39
wrongfully,2
insane,5
redefine,1
set,9
seq,4
selfsupport,2
intelligence,23
enjoyed,1
sex,3
abetting,1
individual,70
sec,1
are,188
jury,60
recording,1
practice,2
nondisclosure,2
potential,2
gravestones,2
pneumonia,2
currently,20
falsify,1
various,15
assistants,3
conditions,50
clerk,5
available,36
creating,11
missing,25
premises,1
commercial,1
sold,2
attention,11
postponement,2
disallow,3
aircraft,10
importers,37
legislature,1
both,14
c,3
improved,35
delimit,3
license,9
appropriations,105
oversee,2
solely,2
annual,11
foreign,145
connection,107
intercept,1
context,1
canadians,4
whole,19
reside,7
point,1
battery,2
prosecuting,3
allegiance,3
community,70
hollow,1
improper,3
pamphlet,8
tennessee,1
agents,4
recommending,1
luis,1
vessel,2
asserted,2
throughout,6
described,1
dum,2
incomes,1
monthly,3
create,47
acceptance,4
political,10
due,10
convicted,62
whom,6
reduction,5
pa,3
maintenance,25
collected,2
combine,1
territory,7
cosmetics,3
institutionalized,3
flight,2
passengers,4
fire,298
embezzlement,2
firefighters,40
exempt,77
gas,1
mine,2
fund,23
races,1
determination,6
brokers,2
systematic,1
exemption,24
assigning,1
plants,1
pierce,2
stolen,22
judicial,304
expanded,7
twenty,2
expressly,2
while,70
reformed,1
behavior,26
error,1
transcripts,3
engineers,1
miles,6
owed,8
mostfavorednation,1
binding,40
echelon,1
commonly,26
examiners,7
retarded,4
counterfeited,2
retroactively,9
grant,42
thefts,1
firearms,381
grand,74
modification,4
products,5
advise,3
composition,5
higher,10
development,64
used,63
temporary,29
affairs,2
comprehensive,98
censure,2
holidays,1
arbitrators,1
levels,32
uses,40
purpose,114
decency,1
contractors,1
implement,15
recent,3
lower,19
medardo,1
older,12
forfeited,4
analysis,3
person,46
flags,1
machinery,21
y,1
entry,7
prevention,338
deterrents,1
construct,1
judgments,13
racketing,1
livestock,2
examinations,16
technicians,1
quarters,1
arrests,9
repealing,2
atomic,1
annuitant,1
retired,41
alternative,18
injuries,7
wage,8
retirement,87
defenders,1
disseminate,4
informal,6
workers,2
deputy,8
guaranteed,4
phencyclidine,12
exclusively,7
governmental,6
anticrime,2
parents,38
location,12
violations,41
administrative,71
remaining,1
associations,1
habeas,34
amended,73
emergency,52
couple,2
condemnation,4
nontestimonial,1
aggregation,1
judgement,6
matters,14
suffering,2
clemency,1
archeological,5
projects,11
formal,1
calendars,2
modifications,6
layoffs,2
imposed,22
d,18
submission,9
university,1
admitted,1
heart,2
collect,3
noncorporate,1
individuals,139
indication,2
disorder,1
sprinklers,1
taxexempt,3
fuel,37
methods,20
collectors,9
senate,5
freebase,4
creation,23
martial,1
trends,2
economic,29
accelerate,2
apply,12
inapplicable,3
modernize,2
indigent,1
investigating,3
describing,1
decision,2
transactions,3
exceeding,5
per,3
conditionally,3
pen,4
sick,5
defectives,6
eliminate,83
prosecuted,2
pushers,1
excluding,1
thirdclass,5
run,1
taxing,2
reach,11
processing,9
continuing,17
agreement,10
stem,1
restrictive,2
garnishment,6
concealed,1
hostages,4
relating,334
abroad,6
johnstown,5
faith,2
goods,9
consumption,1
proven,1
tracing,1
firing,1
reduced,3
range,3
regular,2
hatred,1
costeffective,1
youthful,1
disclosure,16
terrorists,5
nonafdc,2
into,66
within,75
appropriate,46
nondiscrimination,1
risk,5
bankruptcy,42
canal,5
statistics,3
computer,14
entitlement,4
placing,4
bargaining,2
submit,2
accountability,5
consultation,3
suit,7
forward,1
sections,14
manufacture,89
withholding,9
highrise,1
interagency,17
litigate,2
protectees,1
registered,7
vehicle,5
immigration,19
oversight,2
films,44
deductions,5
properly,7
butner,2
filed,5
line,49
junior,1
raising,10
directed,2
consist,2
circuits,9
vacancies,5
declarations,6
up,28
us,178
redress,34
dischargeable,2
approaches,1
autonomous,2
similar,7
called,19
insignia,1
widowers,3
ordered,5
choosing,1
defined,5
taser,1
unsafe,7
selfprotection,2
coordinator,1
single,5
cure,1
curb,2
organizational,1
prevail,6
denying,7
stripper,2
spousal,4
adjudicate,1
amounts,69
fixing,1
inequities,1
peace,2
reimbursed,1
preventing,7
application,23
conceptions,7
transport,6
income,225
department,157
assassinate,3
revision,2
explaining,4
elements,2
users,2
gross,121
kansas,2
problems,22
lucia,1
regulations,12
meaning,4
allowing,2
reinsurance,4
cooperate,3
meals,9
structure,14
land,9
e,11
vice,3
valuables,2
consumer,2
age,80
vehicles,15
wellbeing,1
departments,72
federally,5
attaining,2
presenting,1
administrators,2
menace,1
intentional,1
having,13
once,5
code,2238
minors,9
advisory,3
unemployment,3
issued,1
broaden,8
results,2
existing,98
alien,1
farms,1
pardoned,1
notify,3
ga,1
antiarson,17
multiperson,1
contributions,13
centers,18
issues,2
vietnamese,1
disposal,2
concerned,4
send,1
suits,47
excluded,1
maryland,4
include,71
meetings,3
resources,4
deficit,2
breathing,17
seized,8
presently,4
tribunal,4
developmentally,6
emoluments,1
heard,1
abduction,1
continued,5
categories,2
northwestern,2
recreation,2
selfincrimination,4
paternity,3
harbor,2
positions,24
informers,3
assignments,2
race,1
verdict,9
inspection,15
enforce,35
locate,3
smaller,1
ulster,2
antifraudulent,1
consolidated,1
licensed,46
expunging,2
recruitment,2
imply,1
traveling,7
reunion,1
decrees,2
initiate,3
foals,3
reclassification,4
reconciliation,2
power,19
apparatus,18
giving,2
surety,5
assisted,2
schedule,27
recoup,2
practices,21
access,34
paying,2
waiting,3
indian,2
manufactured,5
ammunition,54
exercise,18
body,9
completion,2
proliferation,1
degree,4
exchange,49
prescribe,4
jointly,2
following,3
objects,6
let,1
affidavits,1
separation,13
others,4
consideration,33
sine,1
fifteen,6
firstaid,2
engage,4
patents,1
dividing,6
survivor,1
receive,21
involved,8
dispensers,1
alaska,7
later,1
evading,1
resulting,7
placements,1
residents,3
depressant,4
honor,9
involves,2
composed,6
named,1
danger,22
forbid,4
juries,53
private,28
names,1
motor,11
prohibiting,18
precursor,2
standing,3
use,434
fee,38
usc,18
certificate,3
illegal,46
ministers,4
walshhealey,1
next,1
brinks,2
assuring,2
examination,4
expanding,11
afforded,2
length,5
panel,1
defendant,35
possession,61
parliament,73
achieve,4
statutes,16
opiates,15
missile,2
trail,2
carrying,64
actual,2
iii,32
appointed,40
women,8
customer,1
account,10
sanctions,2
this,7
clients,2
instrumentalities,9
anywhere,2
freedom,1
accrued,2
meet,9
lockwood,1
purports,3
rehabilitation,17
proof,2
control,688
boudin,1
fringe,2
patrol,6
detain,1
firefighting,112
process,12
tax,169
purposes,1253
high,18
effectively,31
sought,1
uncompensated,1
rape,81
counterfeit,11
cadena,2
educational,21
united,4
jails,4
six,10
hampshire,1
delay,7
located,4
responsibilities,6
perimeter,1
attachment,6
bilingual,22
instead,2
native,1
establishment,55
buildings,3
unserviceable,1
attend,3
incompetence,2
summonses,3
collection,26
perjury,3
abuse,160
ethnic,2
victimless,3
mineola,2
nonviolent,2
daycare,1
manpower,1
light,1
lines,3
element,17
acquitted,4
chief,15
allow,149
tenure,15
subsequently,4
furnish,8
produces,3
institutional,2
train,2
move,19
unjustified,1
produced,17
rendered,6
including,21
mchenry,2
workmens,1
industries,2
prisonmade,3
exclusion,18
accommodations,9
taggants,5
accredited,8
labor,23
permanent,23
choose,1
instruments,2
orange,1
hobby,2
criminal,483
defining,2
maines,1
pending,10
physicians,2
violating,1
greater,38
material,16
cutting,6
courtroom,1
fingerprint,3
impaired,4
seas,1
day,16
applicants,4
articles,38
february,1
reestablish,2
outofpocket,1
preclude,1
covering,2
adjournment,1
transmitted,1
unremarried,3
rebuttal,3
disregard,2
accompanied,1
cumulation,1
nationals,16
tracer,2
prevailing,50
commonwealth,1
dismissing,7
exacerbated,3
homeless,1
registration,18
administrator,13
related,202
aggravated,1
society,1
investigative,16
sands,4
relates,7
bay,2
sexual,103
special,116
out,60
greene,3
polygraph,11
armor,18
dismissal,4
unlawful,49
safeguarding,2
settlement,7
arkansas,3
exporting,1
postpone,2
calif,7
waters,3
common,5
delineate,1
zoological,2
recommendations,9
clarify,71
affective,1
york,40
x,4
regulatory,4
mares,6
delinquency,67
crierclerk,3
receipts,1
eradication,1
her,10
g,1
determining,9
paraphernalia,4
florida,25
youthrelated,1
keep,2
illicit,16
vehicular,1
qualification,8
qualifying,5
barriers,1
retain,2
retail,17
facilitate,33
stimulate,1
south,4
assignment,5
prospective,7
extraterritorial,1
hazards,2
possessing,6
seventeen,1
owned,11
strategic,1
date,17
improvements,15
hugo,1
owner,2
probation,15
quality,8
legislative,6
clearinghouse,10
management,27
publication,1
start,1
ordering,1
detailing,1
system,141
relations,12
realistically,2
priority,2
their,194
attack,5
intermediate,1
gainful,1
burial,1
final,3
antismuggling,1
interests,8
enforcement,571
mariana,3
academy,38
completed,4
acquire,18
stress,2
lists,1
environmental,5
hernia,2
suitability,1
july,41
institution,9
detection,27
photograph,1
hearings,5
split,1
limiting,2
compensation,134
malpractice,1
stricter,2
providing,83
distinguished,1
collecting,2
enforced,4
false,68
nonworking,2
partnership,4
teenagers,6
corrupt,2
thereto,6
enforces,2
have,119
close,1
need,36
north,11
demonstration,41
clearly,2
documents,39
agency,103
mills,2
parks,2
montgomery,2
infractions,2
intercircuit,5
which,208
detector,13
techniques,1
pharmacist,4
mileage,3
unless,5
combat,17
fidel,1
who,288
harmful,1
useful,1
montana,1
connected,3
representation,11
prisoner,6
threats,3
future,5
medal,9
payment,88
statute,19
discourage,4
placement,26
expert,4
consequences,19
justifying,2
request,26
disease,3
psychological,1
face,1
valuing,1
proceedings,160
leasehold,2
impression,1
selection,30
mercardo,1
exclusive,16
violation,25
supported,7
terminate,15
chapters,8
halting,3
bring,7
planning,21
nassau,5
agrees,3
principal,8
litigation,47
partners,4
based,26
knowledge,1
earned,6
controls,15
employer,8
entities,12
candidates,1
reorganizing,3
attained,15
employed,28
local,303
secretaries,2
inferior,2
photographs,44
sued,2
bonds,10
plaintiff,30
michigan,7
overall,2
impeachment,12
joint,7
fraud,24
legitimate,4
consecutive,20
burglary,7
penetrate,4
entity,4
handgun,41
dwellings,1
areas,30
stability,2
processes,2
committees,1
unauthorized,8
hiring,7
quarantine,2
married,18
taxes,47
teams,2
streamlined,2
taxed,6
uniformed,3
fixed,1
pertains,2
knowing,2
requirement,40
official,58
acquired,1
national,237
orphan,1
officials,73
merits,2
enhanced,12
operated,16
injunctive,9
hardship,10
wire,5
imposition,68
attempting,13
clearing,1
secrecy,1
colourado,4
written,6
identification,69
injustice,3
nominees,2
nuclear,3
pistol,34
sabotage,2
conditional,5
ability,8
opening,2
antifraud,1
agencies,153
interfere,1
onetime,5
efficiency,8
job,6
mandamus,1
squads,4
group,26
counterfeiting,11
tranquillity,1
nominations,2
restrictions,16
interpretations,1
revoked,3
limits,24
career,15
taking,7
budgeting,1
equal,25
drug,198
assure,27
deter,1
safely,3
rebuttable,8
grounds,17
comment,1
cj,2
adjusted,2
ch,1
railroad,11
budgetary,2
desecrating,1
habitual,5
penetrating,6
maximize,1
respect,282
beach,3
provinces,235
addition,36
discrimination,2
copies,2
rhode,1
hobbs,2
agreements,5
communitycentered,1
compensating,3
proposal,4
curtail,2
louisiana,13
naples,2
define,24
remedies,23
controlled,284
selfcontaining,1
selfcontained,16
releasing,3
al,2
bulk,5
sixtyfive,2
accident,2
expenditure,4
abortions,7
suspension,10
prescription,1
atlanta,11
overturn,2
present,3
volunteer,124
divisions,25
bipartisan,2
abandoned,1
intimidate,5
appearance,22
preempted,3
value,14
choices,1
middle,3
extradition,3
owns,1
deductible,1
vi,5
formulation,1
site,6
encouragement,6
vital,2
inspector,3
encompass,1
terrorist,2
headstart,2
concealing,3
administration,152
member,14
guns,7
parts,8
speaker,4
geographical,1
units,40
party,23
fill,1
frivolous,2
residing,8
injured,41
tighten,3
kidnapping,16
columbia,66
fireman,45
appearances,2
reporting,23
upon,97
effect,66
overcrowded,5
kidnaping,6
issuance,15
student,1
judgment,12
requests,2
expand,16
destruction,16
insure,9
appropriated,13
off,9
center,52
i,44
approve,3
weapon,7
well,4
fighting,1
procurement,2
trials,16
position,11
nonunanimous,1
arising,23
usual,2
restore,9
routinely,7
excise,48
less,9
designating,12
profiteering,1
executive,23
domestic,67
obtain,60
forests,1
sources,4
stored,3
dakota,6
protecting,12
skill,3
narcotics,41
coordination,33
supply,2
capabilities,10
arrest,18
add,27
adoption,188
developments,2
citizen,9
reenact,15
riverside,1
literacy,3
loan,1
enact,13
increased,37
provisions,326
government,146
checking,1
utah,1
judiciary,37
increases,3
five,5
epidemic,1
burden,2
supervise,3
immediately,1
loss,6
necessary,33
like,4
lost,16
delinquents,4
accelerating,1
taxpayers,18
payments,34
lufkin,4
become,6
works,1
page,1
therapeutic,1
amendment,16
because,18
actuarial,1
reclamation,1
searching,3
authority,72
growth,1
export,33
convey,1
recommendation,5
peter,1
employment,22
recognition,1
trust,6
promotion,2
avoid,15
separate,32
salaries,5
suspected,1
students,2
does,8
discretion,14
contact,1
kidnappers,5
limitations,24
conference,18
retirements,1
murderer,2
reaching,1
selecting,12
monetary,5
expansion,1
expire,1
prohibited,3
pharmacies,2
sheriffs,3
residences,9
marketable,3
misrepresentation,3
loans,4
hijack,1
counties,23
raise,4
about,1
firsttime,1
carried,7
extension,1
detaining,1
piperidine,1
certainty,2
recognized,6
angeles,3
dependency,1
carries,1
carrier,5
revise,63
registry,1
noncombatant,1
equally,2
own,9
childrens,2
downgrading,2
previously,6
warrants,4
possessions,4
commitment,6
repair,1
assess,1
guard,8
lung,3
lawful,6
capable,6
consecutively,7
terminated,7
mississippi,12
retroactive,3
additional,207
adolescent,3
transfer,62
housing,54
indictments,4
firefighter,11
secret,26
disapproval,2
awarded,20
overtime,3
threat,6
subchapter,6
terminates,1
grossopadilla,1
searches,9
receipt,44
transcribers,2
taxfree,3
funds,48
but,15
delivery,15
insured,5
construction,33
gain,8
courts,363
sprinkling,1
ordinances,7
eat,9
lorton,3
made,31
places,23
annuities,12
whether,23
dangerous,26
j,5
polices,1
record,18
carriage,1
limit,102
proximately,2
infants,2
distribution,57
bearing,2
supreme,77
intimidating,4
recognize,5
accounts,1
contribute,2
dissemination,29
contingent,3
periods,3
et,5
education,73
proceeds,15
gunrelated,6
functions,30
constituting,2
revocation,5
promulgation,4
corporation,49
percent,11
directors,1
illinois,12
kilograms,1
witness,12
branch,34
better,23
mass,1
underpayments,8
stimulant,4
adjustments,4
convicts,3
stat,7
marihuana,42
star,2
respects,1
treason,2
june,1
pertaining,8
jackson,1
repeal,61
survey,1
incurred,93
exposure,1
appoint,2
communitybased,4
auxiliary,3
resolution,12
lasted,5
rule,31
commencement,1
portion,25
pension,7
rural,6
architect,1
parole,72
indirectly,5
morristown,1
